source,target,weight,match,type
Monkey,Kira,1,0,Directed
feeder,._.,1,71,Directed
Miracle-,4Head,1,86,Directed
Fluffy,Horse,1,121,Directed
Arbi,Chill,1,144,Directed
Arbi,Psycho,1,144,Directed
Stallon,Reaper,1,179,Directed
#ano.Ainsley Kek,Dictionaries,1,204,Directed
Ho랑이,XXX,1,208,Directed
Hyy,...,1,240,Directed
Hyy,Lặng Lẽ Tổn Thương,1,240,Directed
Hyy,Sleeping_[D]og,1,240,Directed
Hyy,bwew,1,240,Directed
Arbi,Rawdog,1,242,Directed
Harry,Saitama,1,307,Directed
Ellimist,Shade,1,325,Directed
????????,Tensai >.<,1,326,Directed
Lepo Lepo,A Wild Smurf,1,331,Directed
Lepo Lepo,Memories,1,331,Directed
Lepo Lepo,Spooderman,1,331,Directed
Pineapple KAMIKAZE,.,5,381,Directed
TINKLES,Lelouch,4,397,Directed
TINKLES,†,4,397,Directed
TINKLES,攀登,4,397,Directed
Tensai >.<,123,3,420,Directed
...,Hatsune Miku,2,423,Directed
Dr.X,w33,5,434,Directed
A,..,1,456,Directed
Sleeping_[D]og,Hyy,2,460,Directed
Sleeping_[D]og,JOHN CENA,2,460,Directed
Sleeping_[D]og,bwew,2,460,Directed
Pineapple KAMIKAZE,Aeon,6,476,Directed
< blank >,Panda,1,477,Directed
M,...............................,1,490,Directed
Onions123,kellyMONKEYS,3,533,Directed
Captain America,Law,1,565,Directed
Captain America,Thanatael,1,565,Directed
Captain America,cocodino,1,565,Directed
Logic,PUNX,1,573,Directed
Jiten,JAFAR,1,579,Directed
dream is ded,LOVE-is-EZ but I hate you,1,593,Directed
RED,w/e,4,605,Directed
RED,yolowarrior,4,605,Directed
asdf,Apple,1,608,Directed
322,Saitama,1,632,Directed
Jesus,LOL,2,654,Directed
Ceyler,QQ,1,656,Directed
Gary,Alucard,2,670,Directed
Baxter,Madara,2,677,Directed
4Head,=),1,684,Directed
AirmailMRCOOL,Noob,1,685,Directed
Fred,Ｂ Ｅ Ｎ Ｎ,1,697,Directed
West Street Variety,Valar Morghulis,1,727,Directed
1,?,1,729,Directed
1,Jerry,1,729,Directed
Rorschach,0.0,2,739,Directed
Rorschach,9/10,2,739,Directed
Death,Psycho,1,773,Directed
Nero,Andy,1,777,Directed
Lucifer,trollfederer,2,802,Directed
Myrmidon,yolo,1,810,Directed
Sorry,The Seven Deadly Sins,1,850,Directed
D4D.EldestDad.420,One Punch!,2,863,Directed
rKaiser,YOLO,1,864,Directed
1017,Mayhem,1,924,Directed
Nexr,Totti#Smauking dat Seaweed,1,930,Directed
D.,NB,1,956,Directed
???,leasey^,1,1009,Directed
Uldred,asd,2,1023,Directed
J.,brodericoh,1,1041,Directed
No more heroes,Kira,1,1050,Directed
Kirito,Mortal Vengeance,2,1057,Directed
22,DoctorVox,1,1115,Directed
Grom,Jon,3,1119,Directed
Coco,K,1,1120,Directed
D4D.EldestDad.420,Hans Moleman,2,1123,Directed
Fayher,Rampage,2,1143,Directed
1738,MïќE LtR,1,1152,Directed
1738,Tahurtz,1,1152,Directed
1738,ausoi,1,1152,Directed
Dontores`,GeGe,3,1158,Directed
Warrior,Hugs from Jewland,1,1197,Directed
Bob Ross,「Kushi」,1,1202,Directed
Ellimist,Pyro,2,1241,Directed
Ellimist,Shade,2,1241,Directed
Ellimist,StarScream -,2,1241,Directed
Windalfr,Flex Luthor,1,1374,Directed
322,Boobs-chan,1,1392,Directed
322,Moe-Chan,1,1392,Directed
twitch.tv/pesdota #Hope,G_G,2,1404,Directed
twitch.tv/pesdota #Hope,YBP,2,1404,Directed
Ragnar,Omega,1,1422,Directed
Dontores`,Lucifer,1,1423,Directed
Bum bum - Bot,Sugy,1,1428,Directed
Warrior,Hugs from Jewland,1,1480,Directed
XO,Richard,2,1490,Directed
Goku,Etherus,1,1512,Directed
Chief,.,1,1514,Directed
Chief,Thejoyofdota FeelsBadMan,1,1514,Directed
klaytog,RuSup,2,1528,Directed
bneutrality,noob,1,1553,Directed
Slap0r,change drug policy!!,1,1579,Directed
Slap0r,marcek,1,1579,Directed
[W],[A]dmiral Bullshit,9,1580,Directed
????????,G_G,1,1581,Directed
????????,twitch.tv/pesdota #Hope,1,1581,Directed
.Atheris,XO,1,1609,Directed
321,Rebellion-SVK,2,1628,Directed
Shacklz,JOHN CENA,1,1650,Directed
Bahmut,Jet,1,1653,Directed
██████████�,Alien,2,1671,Directed
Glen,:),2,1685,Directed
Glen,Funk You,2,1685,Directed
Dragnipur,Mighty Manatee,1,1726,Directed
Dragnipur,Ѵirtualghost,1,1726,Directed
whatever,Kabuki warrior,1,1752,Directed
¯\_(ツ)_/¯,G. R. T.,1,1760,Directed
Brian,Descent,3,1761,Directed
Internet Explorer,Master,1,1835,Directed
Internet Explorer,Tobi,1,1835,Directed
Allison,5to7,2,1852,Directed
Up-iN*tHe.AiR,killzone,2,1861,Directed
Pingouin,Inigo,3,1872,Directed
bneutrality,hehe,1,1892,Directed
s4tarash,Mlcrosoft,1,1906,Directed
Titane,wizn,1,1913,Directed
Alison,Chopper,5,1931,Directed
Alison,El Dude,5,1931,Directed
Ragnar,Heisenberg,1,1961,Directed
Xin,haat.by,1,2025,Directed
Monkster,FOX,1,2031,Directed
Jc,Happy,1,2080,Directed
Hard Mode,CHI LONG QUA,1,2089,Directed
Dark,Clockwork,1,2111,Directed
GG,Saitama,1,2114,Directed
KappaRoss,nice la,1,2155,Directed
Miley,Clouds,2,2172,Directed
Miley,jd,2,2172,Directed
Mlcrosoft,s4tarash,7,2182,Directed
Mlcrosoft,your4,7,2182,Directed
Nando,< blank >,1,2184,Directed
Hades,MangoCrysis™,2,2251,Directed
carry please ty,Kirito,1,2306,Directed
Av,Superior Highlander Genes,1,2316,Directed
leviosaw,Drake,2,2342,Directed
leviosaw,Jack Sparrow,2,2342,Directed
ice,BabyRage,1,2354,Directed
Bunny of Doom,U OK NERD?,1,2366,Directed
Caped Baldy,zzzzzzzzz,1,2375,Directed
JasCaLL,Varian Wrynn,3,2416,Directed
Mlcrosoft,s4tarash,1,2418,Directed
Mlcrosoft,your4,1,2418,Directed
kaztah,///,2,2475,Directed
kaztah,Bulls_Eye,2,2475,Directed
AtField.Barba,rYaiEn,2,2507,Directed
Glen,Funk You,4,2532,Directed
Descent,Nazarij,1,2544,Directed
KKK,method in my madness,2,2620,Directed
.,yolo,1,2623,Directed
Av,soy papá,1,2633,Directed
JukeSkywalker,JukeGyllenhaal,2,2664,Directed
JukeSkywalker,Martin Luther King Juker,2,2664,Directed
W,Teleport Scroll Expert,1,2707,Directed
Justice,Medivh,1,2719,Directed
Miska,SD.merlin,1,2724,Directed
Miska,Tallcat,1,2724,Directed
Miska,The Boy,1,2724,Directed
Rocco - Davaide and conquer,-25,2,2740,Directed
Marymar♥,< blank >,1,2762,Directed
Marymar♥,Psycho,1,2762,Directed
NotLikeThis,Fire,2,2784,Directed
Monster,G_G,3,2797,Directed
ZorN,Hunter,1,2844,Directed
Saitama,Silence,1,2903,Directed
werling44,new beginnings,1,2978,Directed
Garam,ALWAYSWANNAFLY,1,2985,Directed
Nexr,Nirvana,4,3014,Directed
TINKLES,Butthole,1,3032,Directed
TINKLES,Ho랑이,1,3032,Directed
TINKLES,Nx3,1,3032,Directed
aaron,Hi,2,3045,Directed
Myth,Neo,1,3051,Directed
Myth,Whatever,1,3051,Directed
Assassin,noob,1,3056,Directed
N A,Morgo,3,3067,Directed
Michael,Hurfdurf,2,3075,Directed
DIabOluS,Hero,1,3080,Directed
popo,"Jack ""ppc"" Pot",2,3086,Directed
J.,.,1,3113,Directed
J.,Josh,1,3113,Directed
Ephemeral,KappaPride,5,3114,Directed
Peter,Jeff,3,3120,Directed
MingLee,Kirito,1,3140,Directed
Smile,What's Poppin',2,3176,Directed
RBLR.Marcutio,RBLR.dany fuckin heatley,1,3178,Directed
RBLR.Marcutio,Rick Sanchez,1,3178,Directed
D4D.EldestDad.420,425,1,3221,Directed
Vanity,Kain,1,3282,Directed
General Stonewall Jukeson,JukeGyllenhaal,1,3283,Directed
General Stonewall Jukeson,JukeSkywalker,1,3283,Directed
General Stonewall Jukeson,Martin Luther King Juker,1,3283,Directed
G_G,????,2,3314,Directed
RBLR.dany fuckin heatley,RBLR.Marcutio,2,3332,Directed
RBLR.dany fuckin heatley,Rick Sanchez,2,3332,Directed
JMT,Jason,3,3368,Directed
JMT,Light,3,3368,Directed
Deodorant spray,TheGentleman,3,3380,Directed
Ez,No more heroes,8,3391,Directed
Hakuna Matata,TINKLES,3,3397,Directed
Thomas The Dank Engine,Dall,1,3407,Directed
OnePunchMan,twitch.tv/HaroldAgas17,1,3428,Directed
Pablo Escobar,22sjpog,1,3434,Directed
HARRI$,TED,1,3506,Directed
Onions123,kellyMONKEYS,1,3511,Directed
Boobs-chan,Moe-Chan,1,3524,Directed
Kingslayer,Number Juan Doto Player,2,3544,Directed
Kingslayer,Terpcasl,2,3544,Directed
Fayher,JAFAR,1,3573,Directed
Jack,General Stonewall Jukeson,2,3583,Directed
Jack,Martin Luther King Juker,2,3583,Directed
RBLR.dany fuckin heatley,Rick Sanchez,1,3590,Directed
.,Alpha,1,3620,Directed
Feelsbadman,Michael,1,3634,Directed
Feelsbadman,ndlz,1,3634,Directed
Moe-Chan,Boobs-chan,1,3660,Directed
Matthew,Gates,1,3681,Directed
Clueless,Virus,2,3695,Directed
@hiro,kk,1,3715,Directed
Alpha,Zero,1,3722,Directed
Mottley,VdoubleI,1,3725,Directed
Number Juan Doto Player,420 booty wizard,2,3727,Directed
Number Juan Doto Player,Terpcasl,2,3727,Directed
confessor,Gates,1,3728,Directed
Snipe Desu~,Midnight,4,3731,Directed
TINKLES,Black Jesus,1,3734,Directed
TINKLES,Flash,1,3734,Directed
Do --,Madness,1,3780,Directed
Hope,ausoi,1,3814,Directed
KappaPride,Hard Mode,1,3861,Directed
Hansi,EXCLUSIVE,2,3897,Directed
Carlos,zzz,2,3912,Directed
Alex,Fly,2,3927,Directed
Greed,322,2,3944,Directed
HULK,TinkerBell,2,3945,Directed
Standin.ragha,Defensif^,1,3986,Directed
Eosin,ATC,3,4004,Directed
Angry Nikolai,Times_red,2,4017,Directed
HULK,-_-,3,4021,Directed
HULK,TinkerBell,3,4021,Directed
??,Skayl,1,4031,Directed
Pepe Investor,X,4,4034,Directed
"(have fun, pal)",??,2,4045,Directed
"(have fun, pal)",?????,2,4045,Directed
Reaper,Cutie Kitty Sylveon x,1,4084,Directed
Vern Vandamn,777,1,4103,Directed
Shacklz,Drake,2,4106,Directed
HULK,TinkerBell,4,4142,Directed
KKK,Valar Morghulis,1,4169,Directed
Hello,Ooze | hitbox.tv/oozex,1,4200,Directed
Baba Yaga,< blank >,1,4246,Directed
Baba Yaga,Ephemeral,1,4246,Directed
Baba Yaga,Hachiko,1,4246,Directed
Tzu,ggwp,3,4260,Directed
[EE's Disciple],Lord,3,4264,Directed
asdf,wizn,2,4291,Directed
WWWWWWWWWWWWWWWWWWWWWWWWWWWWWWW,Scrotes,2,4312,Directed
Schlebben.XD,Spooderman,1,4363,Directed
Sindor,???????,1,4406,Directed
Jim Carry,Gucci MagiK,1,4408,Directed
Jim Carry,Kappa,1,4408,Directed
jaynanners,x-0ne (G.O.D),7,4425,Directed
:D,Shacklz,3,4464,Directed
Unknown,VALAR MORGHULIS,2,4495,Directed
Unknown,X,2,4495,Directed
Emil,twitch.tv/wingbladedota,14,4511,Directed
Scrotes,Vigoss,1,4515,Directed
Apple,Dracula,1,4516,Directed
BigEyesShortCock,......,2,4523,Directed
D.,xd,3,4568,Directed
RFA,Deadpool,2,4605,Directed
RFA,dotato,2,4605,Directed
CHI LONG QUA,o_O,3,4610,Directed
Kappa,^^,2,4630,Directed
FREDRIK,Cringer,1,4631,Directed
Emil,James,2,4639,Directed
JohnDoe,GenghisLOL,4,4654,Directed
LoL,Mirakuru,1,4674,Directed
Goofy Hell,.inf,1,4720,Directed
Goofy Hell,KMZWAY87AA,1,4720,Directed
Goofy Hell,Lost_Faith,1,4720,Directed
Goofy Hell,[N]ooble,1,4720,Directed
Jesus,Frost,16,4734,Directed
Alive,"gibe da Weekend, b0ss",4,4738,Directed
peco,✿ sk_Baymax™♠,1,4753,Directed
333,Saltz,1,4757,Directed
333,bourgeoisie,1,4757,Directed
BuRN,PANDA,2,4774,Directed
Sara :),MrMkay,1,4785,Directed
Mayhem,@builder_247,8,4802,Directed
bourgeoisie,Saltz,1,4839,Directed
Recovery,Andy,1,4869,Directed
Recovery,Zeeks,1,4869,Directed
JOHN HITLER,King Wizard,2,4915,Directed
Flipt,13,1,4925,Directed
L30N,Mango,1,4940,Directed
Ya,Ace,1,4963,Directed
Ya,`Blurry Eyes,1,4963,Directed
YOLO,rKaiser,1,5063,Directed
Up-iN*tHe.AiR,Derp Derp,2,5064,Directed
Up-iN*tHe.AiR,Ragnar,2,5064,Directed
pitzuuu,17,1,5090,Directed
pitzuuu,Mr. Meeseeks,1,5090,Directed
leviosaw,GGWP,1,5132,Directed
Hero,nitoma,1,5142,Directed
Sartre,LOL,1,5161,Directed
Player,M,1,5211,Directed
Player,WaaDaaFaak!?,1,5211,Directed
Player,X,1,5211,Directed
Derp Derp,Ragnar,1,5239,Directed
Derp Derp,Up-iN*tHe.AiR,1,5239,Directed
Ice.in.your.eyeS,3^!|,1,5248,Directed
Sartre,123,1,5295,Directed
King Wizard,JOHN HITLER,4,5314,Directed
MingLee,qwe,1,5333,Directed
111,???,1,5338,Directed
Сын Собаки,Kaiser,2,5388,Directed
ХЭЙ КАППА КАППА Х,The Boy,1,5394,Directed
400 Million Beli Man,Rick Sanchez,8,5397,Directed
Shady,Fox,2,5418,Directed
Diskover,Water,1,5425,Directed
???????,Saitama,1,5430,Directed
???????,Salo,1,5430,Directed
Ѵirtualghost,Baba Yaga,1,5474,Directed
Ѵirtualghost,Dragnipur,1,5474,Directed
Kira,< blank >,2,5486,Directed
Vincent,Captain Puppan,2,5497,Directed
I AM GROOT,Escherichia Coli,1,5531,Directed
I AM GROOT,Pika,1,5531,Directed
.,WaaDaaFaak!?,1,5552,Directed
<123>,Joelft,1,5554,Directed
Floki,Gucci MagiK,2,5569,Directed
King Kunta,The Angler,1,5588,Directed
leviosaw,Jack Sparrow,1,5589,Directed
Miley,jd,4,5621,Directed
Michael,Ravushimo,2,5622,Directed
Xcalibur,fohu,1,5635,Directed
Zeenix,Rockstah,1,5647,Directed
Cheese,Zimzo,2,5649,Directed
Dr.Sexy,Slam,5,5652,Directed
Warrior,Hugs from Jewland,1,5689,Directed
HAL-9000,.,1,5692,Directed
HAL-9000,Red,1,5692,Directed
P5 - Minimax,G. R. T.,1,5701,Directed
Zokhem,SLAM,1,5707,Directed
"28 aint enough, you need more",Keyboard Warrior,1,5709,Directed
Karl,SSF,1,5710,Directed
RollarN^,Lars-Olof,1,5711,Directed
dream is ded,LOVE-is-EZ but I hate you,2,5772,Directed
Drake,KingJonesGaming,3,5811,Directed
Drake,Saltz,3,5811,Directed
Drake,bourgeoisie,3,5811,Directed
[DG]Hoppen,...,1,5821,Directed
Plata O Plomo,Ice,1,5828,Directed
Dota 2 Psychologist,Do --,1,5830,Directed
Slayer,Diskover,1,5840,Directed
JasCaLL,Varian Wrynn,2,5855,Directed
gohanaragorn,322,3,5887,Directed
..,topsu,1,5925,Directed
Jesus,Balanced Disco Pony,5,5960,Directed
Keyser Soze,FeelTheBern,1,5991,Directed
Van Dyke Brown,RIP BOB - I BELIEVE!,1,6002,Directed
gg,Gerrow,2,6005,Directed
Mastersheep,[siQ] DRUNKEN-MASTER,3,6020,Directed
Peter,Alexander,1,6052,Directed
#U,I'am,1,6061,Directed
P5 - Minimax,G. R. T.,1,6065,Directed
Rigby,Ho랑이,1,6083,Directed
Yolo,deranzo,1,6135,Directed
Smitty Werben ¯\_(ツ)_/¯,....,1,6141,Directed
Smitty Werben ¯\_(ツ)_/¯,123,1,6141,Directed
Smitty Werben ¯\_(ツ)_/¯,Pingu ( ' v ' ),1,6141,Directed
MrMkay,Sara :),1,6147,Directed
MrMkay,noname,1,6147,Directed
400 Million Beli Man,< blank >,1,6164,Directed
Dindender,Anomander Rake,1,6184,Directed
Mid or Feed,D.,3,6190,Directed
Mid or Feed,Porky's Butthole,3,6190,Directed
General Stonewall Jukeson,JukeGyllenhaal,1,6195,Directed
General Stonewall Jukeson,JukeSkywalker,1,6195,Directed
General Stonewall Jukeson,Martin Luther King Juker,1,6195,Directed
see me now,Jason,1,6198,Directed
Hubcap,Penguin,1,6223,Directed
???????,?????????,2,6238,Directed
???????,Shanks,2,6238,Directed
taYtaY,Rick,1,6248,Directed
taYtaY,a Family Man,1,6248,Directed
lungs,Miracle,2,6263,Directed
Morty,NAES,1,6264,Directed
Morty,scrub,1,6264,Directed
DIabOluS,Hero,1,6277,Directed
DIabOluS,P O T A T O,1,6277,Directed
Azrael,BigBoss,1,6289,Directed
Moose,#U,5,6295,Directed
Moose,Anonymous,5,6295,Directed
Moose,Saitama,5,6295,Directed
xD,Little Do You Know,1,6327,Directed
Mr_spoon,Pornochicken,1,6347,Directed
.,Isoboy,2,6353,Directed
.,Roronoa Zoro,2,6353,Directed
Davy Jones,BABYRAGE,3,6354,Directed
Davy Jones,qwe,3,6354,Directed
twitch.tv/HaroldAgas17,MID OR FEED,1,6380,Directed
Dota 2 Psychologist,Carnage,1,6383,Directed
Dota 2 Psychologist,cc,1,6383,Directed
.,Tahurtz,1,6398,Directed
.,"all muted, stealing mid, helo",1,6423,Directed
Sindor,Kirito,1,6434,Directed
Dark,TB.Thành Lê,2,6475,Directed
Rob,Tom,1,6478,Directed
Bassie,YO | Fluffy Kitten,1,6493,Directed
< blank >,SP,1,6496,Directed
King Wizard,JOHN HITLER,2,6498,Directed
asdf,see me now,1,6542,Directed
^_^,mARLEY.sAMA ´,2,6543,Directed
#U,『　　』,1,6553,Directed
S A D B O Y,Meow,6,6559,Directed
Style,Jason,3,6568,Directed
Jax,Jon Snow,2,6581,Directed
Slick Rick,Matsuoka Rin,1,6611,Directed
Rob,????,1,6616,Directed
Rob,??????,1,6616,Directed
Rob,Tom,1,6616,Directed
ITS BLACK THUNDERRRRRRRR,SLAM,2,6624,Directed
ITS BLACK THUNDERRRRRRRR,Zokhem,2,6624,Directed
Krisyboi,XTripleJaxX,1,6634,Directed
gohanaragorn,lmao,1,6648,Directed
Light of Darkness,|||||||||||||||||||||||||||||||,1,6649,Directed
Do --,FeelsBadMan,1,6653,Directed
Assassin,< blank >,3,6654,Directed
Assassin,tehdilgerer,3,6654,Directed
gypsyfy,robottaway,1,6657,Directed
Bob Ross,CHI LONG QUA,1,6674,Directed
JOHN HITLER,King Wizard,9,6682,Directed
onomatopoeia,Nico,1,6687,Directed
B-Rabbit,Pablo,3,6734,Directed
Coco,King,1,6750,Directed
Kitty,kadal_kutub,3,6765,Directed
Barack Obama,Kappa,1,6767,Directed
Barack Obama,hG.IntrinsiC,1,6767,Directed
Skye,JM,1,6772,Directed
RebirthofLeGenD,John,1,6794,Directed
RebirthofLeGenD,grillz,1,6794,Directed
Matsuoka Rin,Butthole,3,6802,Directed
Cookie Monster,Plata O Plomo,1,6838,Directed
XTripleJaxX,._.,2,6858,Directed
XTripleJaxX,Krisyboi,2,6858,Directed
cskalias,yoonie,1,6864,Directed
333,Error,1,6875,Directed
333,Moist,1,6875,Directed
333,Van Dyke Brown,1,6875,Directed
Hashirama,Agressif,2,6887,Directed
Arteezy,angular_JS,1,6904,Directed
J.S. Bach,aheyman,1,6907,Directed
ITS BLACK THUNDERRRRRRRR,SLAM,1,6928,Directed
ITS BLACK THUNDERRRRRRRR,Zokhem,1,6928,Directed
gohanaragorn,RoyalS.Call me maybe,1,6938,Directed
psitle,Zimzo,2,6947,Directed
Pourosis,Milk,2,6955,Directed
"28 aint enough, you need more",Keyboard Warrior,1,6961,Directed
NotLikeThis,Bob,1,6962,Directed
NotLikeThis,Naylor,1,6962,Directed
1738,Reaper,1,6963,Directed
Chaos,TheBenGerman,4,6989,Directed
Red,PsyDuck,1,6992,Directed
Red,SOMETIMES,1,6992,Directed
PaLiTRoQuE,El lechero,2,6994,Directed
soy papá,Huh?,4,6998,Directed
He|ìx`,Matsuoka Rin,9,7001,Directed
12,Redemption,1,7007,Directed
KOSOVA,S.T.Y.L.E.,1,7011,Directed
620,aTly,4,7022,Directed
620,ベル마Jemo-왕ゼブブ,4,7022,Directed
Ruka Kanae is <3,< blank >,1,7037,Directed
Bubbles,jaynanners,1,7042,Directed
JohnDoe,GenghisLOL,1,7062,Directed
Sentinel,cskalias,1,7105,Directed
Hakuna Matata,Rizwanovich,1,7120,Directed
xd,Black Jesus,2,7122,Directed
xd,random,2,7122,Directed
MangoCrysis™,Proto,1,7142,Directed
FeelsBadMan,popo,2,7156,Directed
Miley,jd,1,7159,Directed
Make Your Dreams Come True,123,1,7160,Directed
Returns to nothing,Vladimir Putin,1,7161,Directed
Atomicmonk,Vladimir Putin,2,7175,Directed
Still ШṙȧϮЋ #PateHinoys,Sloth,1,7180,Directed
jaynanners,Bubbles,7,7207,Directed
jaynanners,mURSAful,7,7207,Directed
Danny,He|ìx`,1,7212,Directed
gg,TZA Da God,1,7217,Directed
Huh?,.,1,7220,Directed
Huh?,Flame,1,7220,Directed
RIP BOB - I BELIEVE!,Van Dyke Brown,3,7232,Directed
deuterium,Bloogles,1,7250,Directed
Butthole,kld,1,7265,Directed
JohnDoe,GenghisLOL,2,7267,Directed
JohnDoe,Nijbu,2,7267,Directed
CC&C,Tensaiくず ! misery god,1,7269,Directed
CC&C,confessor,1,7269,Directed
M,wλrthen,1,7275,Directed
Deodorant spray,1,1,7278,Directed
Je'W. DangerousDan,Je'W.Danny Dorito,2,7280,Directed
"<font face=""impact"">SALTEW",The Psychotic Snivy,3,7290,Directed
bourgeoisie,KingJonesGaming,4,7349,Directed
bourgeoisie,Max Tryhard,4,7349,Directed
N A,James,1,7407,Directed
Nek-Ro-Sin,Aquafina,2,7408,Directed
dez,RoyalS.Call me maybe,1,7423,Directed
Fuuzzie,Kenny,1,7427,Directed
noob :3,4Head,2,7461,Directed
J.S. Bach,aheyman,1,7471,Directed
JC,[EE's Disciple],2,7477,Directed
deuterium,Bloogles,1,7504,Directed
jd,Miley,1,7514,Directed
aTly,620,2,7534,Directed
????????,NotLikeThis,1,7537,Directed
Ren,Joelft,1,7574,Directed
Ahov,Mr. Meeseeks,5,7585,Directed
Fuuzzie,Ragnar,2,7604,Directed
Maestro,DTN,2,7615,Directed
yoonie,cskalias,1,7624,Directed
????,chayci,1,7663,Directed
jd,Miley,3,7679,Directed
Black Jesus,nicenicenice,4,7686,Directed
kang gorengan,kang somay,2,7730,Directed
A N D R E W  S A L A D,psitle,1,7735,Directed
.......,Bob,1,7766,Directed
.......,enenlove ツ,1,7766,Directed
Still ШṙȧϮЋ #PateHinoys,Sloth,2,7771,Directed
Mach,gg,2,7823,Directed
Mach,¯\_(ツ)_/¯,2,7823,Directed
321,Csanszi,2,7827,Directed
a winner,Fantini's Fantasy,1,7886,Directed
....,A N D R E W  S A L A D,10,7910,Directed
....,psitle,10,7910,Directed
Dr.X,< blank >,2,7917,Directed
A Wild Smurf,Memories,1,7918,Directed
A Wild Smurf,Spooderman,1,7918,Directed
Nek-Ro-Sin,atreides,2,7938,Directed
Maiku Mori,^^,2,7945,Directed
SiR,Icarus-,4,7953,Directed
Bloop,soy papá,1,7963,Directed
zxc,Radix,1,7993,Directed
Sleeping_[D]og,Hyy,1,7996,Directed
Sleeping_[D]og,Lặng Lẽ Tổn Thương,1,7996,Directed
Sleeping_[D]og,bwew,1,7996,Directed
Scrotes,GenghisLOL,1,8001,Directed
Scrotes,JohnDoe,1,8001,Directed
MIE,baba,1,8002,Directed
Mayhem,Oli the Optimist,1,8014,Directed
theo,Dauntasa,4,8020,Directed
theo,MM,4,8020,Directed
tunymai,Rizzrack,2,8041,Directed
tunymai,lord.ary,2,8041,Directed
Rick,Azrael,1,8078,Directed
Rick,Faronel,1,8078,Directed
JohnDoe,GenghisLOL,1,8081,Directed
HorseFeeder,K P A C U B O,1,8087,Directed
David,gigabotan,1,8129,Directed
Make Your Dreams Come True,Bloop,1,8160,Directed
Make Your Dreams Come True,JMT,1,8160,Directed
XD,yolo,6,8171,Directed
JMT,Bloop,2,8216,Directed
JMT,Nigga,2,8216,Directed
HolyMoly -QsQ-,??,1,8226,Directed
Dondo,J.R.,1,8250,Directed
beaverknight,Dendi,1,8275,Directed
ice,Hiruma,1,8285,Directed
620,aTly,1,8293,Directed
LoveAV road to 6k,Icarus-,1,8295,Directed
LoveAV road to 6k,Snoopy,1,8295,Directed
LoveAV road to 6k,i play on 480apm,1,8295,Directed
BiG BaNaNna !,Pineapple KAMIKAZE,1,8350,Directed
Limitedmoon,KappaRoss,1,8366,Directed
Rage,b1ngo,2,8377,Directed
MOLESTERMAN69,GGWP,2,8390,Directed
LoveAV road to 6k,i play on 480apm,6,8426,Directed
ZeTo,3K.Zvan.TheNight,2,8443,Directed
David K,noob,2,8458,Directed
Daemonum Tert,Jake,2,8462,Directed
Ceyler,ALWAYSWANNAFLY,1,8469,Directed
KKK,Supercalifragalisticexpialadoci,1,8493,Directed
....,Bloop,2,8498,Directed
....,YOLO,2,8498,Directed
Csanszi,-.-,2,8502,Directed
Csanszi,NRL,2,8502,Directed
Zero,Snipe Desu~,1,8508,Directed
HorseFeeder,Rage,2,8584,Directed
Carl,Rocco - Davaide and conquer,1,8602,Directed
MrMkay,Sara :),2,8609,Directed
Lặng Lẽ Tổn Thương,Hyy,2,8642,Directed
Lặng Lẽ Tổn Thương,Sleeping_[D]og,2,8642,Directed
Rockstah,SimpLe,1,8659,Directed
Rockstah,Zeenix,1,8659,Directed
happy little clouds,Soul,2,8671,Directed
400 Lux,Mikasa,2,8694,Directed
i play on 480apm,:(,10,8700,Directed
Nexr,Jaythejackass,2,8702,Directed
Nexr,No,2,8702,Directed
Nexr,Totti#Smauking dat Seaweed,2,8702,Directed
Bob™,Cloud,1,8712,Directed
RollarN^,Lars-Olof,1,8743,Directed
David K,< blank >,3,8797,Directed
David K,Kirito,3,8797,Directed
ThaddeusV,rowanyourboats,2,8801,Directed
YOLO,Cristyx,2,8840,Directed
|||||||||||||||||||||||||||||||,PuttPuttPutt,1,8890,Directed
|||||||||||||||||||||||||||||||,Vendetta,1,8890,Directed
Hugs from Jewland,Warrior,1,8892,Directed
Narcotix,MontSta^,1,8902,Directed
never lucky BabyRage,VonL,2,8911,Directed
Saltz,KingJonesGaming,1,8919,Directed
Saltz,bourgeoisie,1,8919,Directed
jaynanners,Jake,1,8927,Directed
Jaythejackass,Mbobo,1,8949,Directed
Jaythejackass,Nexr,1,8949,Directed
Jaythejackass,Totti#Smauking dat Seaweed,1,8949,Directed
LAABANI,tsilokki,1,8959,Directed
phophophopho,-25,1,8961,Directed
Ragnar,killzone,1,8965,Directed
pls nerf kaski,plz nerf me,1,8968,Directed
33,Law,1,8981,Directed
33,Thanatael,1,8981,Directed
33,cocodino,1,8981,Directed
Spooderman,Monkey D. Luffy,1,9005,Directed
Naga.iRoN..PrayForParis,Dwily,1,9037,Directed
Naga.iRoN..PrayForParis,Kaya,1,9037,Directed
Naga.iRoN..PrayForParis,Sighto,1,9037,Directed
Medivh,Albyzai,2,9051,Directed
Smaug,Xcalibur,1,9062,Directed
Deadly^_^,tq-,1,9083,Directed
Mottley,tunymai,1,9087,Directed
Thrower,kappa,1,9105,Directed
Thrower,noob :3,1,9105,Directed
Sorry,SAITAMA,2,9107,Directed
Bruce Wayne,DSwissK,7,9119,Directed
Vendetta,PuttPuttPutt,1,9142,Directed
Mikasa,????????,1,9149,Directed
Mikasa,Make Your Dreams Come True,1,9149,Directed
TheLast,Syy,1,9154,Directed
TheLast,feeder,1,9154,Directed
Nigga,Insert,1,9164,Directed
Nigga,Rampage,1,9164,Directed
[A]dmiral Bullshit,fensji,1,9213,Directed
Urist,phophophopho,1,9222,Directed
'Ywp,Zzz,1,9280,Directed
Slayer,Xin,4,9284,Directed
Ragnar,Derp Derp,2,9375,Directed
Ragnar,killzone,2,9375,Directed
happychappy,.,2,9388,Directed
happychappy,Silver,2,9388,Directed
happychappy,strawberry bonbons,2,9388,Directed
Peter,space cowboy,1,9407,Directed
Uriziel,Pikachu,1,9424,Directed
Splinter,Medivh,1,9461,Directed
LAABANI,tsilokki,2,9480,Directed
Kodi,doodla,1,9506,Directed
scrub,Q,1,9512,Directed
Galbatoriks,ok,1,9517,Directed
?????,gohanaragorn,1,9520,Directed
Water,MyMeK,1,9522,Directed
NathanH,Ares,1,9553,Directed
LUSHLIFE,svenskewar,2,9583,Directed
Loading...█|█|█|█|█|�,|||||||||||||||||||||||||||||||,1,9598,Directed
Kirito,Do --,1,9670,Directed
Totti#Smauking dat Seaweed,Jaythejackass,1,9674,Directed
K,TSF.theSUNZI#NobodysHome,4,9759,Directed
Kaboom,Empyrean,1,9778,Directed
ITS BLACK THUNDERRRRRRRR,SLAM,4,9789,Directed
"Hi, Can I have mossarella stick",Zero,7,9821,Directed
The Todd,where were you when i was walki,2,9825,Directed
[A]dmiral Bullshit,[W],2,9851,Directed
[A]dmiral Bullshit,d7,2,9851,Directed
[A]dmiral Bullshit,fensji,2,9851,Directed
JOHN CENA,SamuraiJack,1,9897,Directed
Lars-Olof,Mark,1,9914,Directed
Lars-Olof,RollarN^,1,9914,Directed
Max,gohanaragorn,1,9941,Directed
Phoenix,Streiter,1,9962,Directed
JasCaLL,Varian Wrynn,1,10005,Directed
Firefix,s1m13,1,10007,Directed
Bruce Wayne,Van Dyke Brown,1,10036,Directed
One Punch Man,Road to 4k,1,10041,Directed
D.,TheBenGerman,3,10083,Directed
King Wizard,L,5,10101,Directed
ZeTo,Law,1,10146,Directed
Firefix,s1m13,2,10254,Directed
Justice,...,2,10292,Directed
SoFloAntonio,blank,1,10307,Directed
Karl,Bob Ross,1,10316,Directed
Animagne,B-Rabbit,1,10326,Directed
Animagne,gg,1,10326,Directed
confessor,topsu,1,10336,Directed
GG,Jake,1,10348,Directed
GG,Tristan,1,10348,Directed
JakeisBibleThump,VAN DYKE BROWN,2,10371,Directed
CauKi,Samwise,2,10380,Directed
CauKi,doN,2,10380,Directed
Kaya,Dwily,1,10383,Directed
Kaya,Naga.iRoN..PrayForParis,1,10383,Directed
Kaya,Sighto,1,10383,Directed
Dr.Sexy,Nightmare,1,10463,Directed
JukeGyllenhaal,General Stonewall Jukeson,1,10480,Directed
JukeGyllenhaal,JukeSkywalker,1,10480,Directed
JukeGyllenhaal,Martin Luther King Juker,1,10480,Directed
Bob,deranzo,1,10534,Directed
Albyzai,Flux,1,10540,Directed
Albyzai,asd,1,10540,Directed
He|ìx`,Ho랑이,4,10543,Directed
HorseFeeder,G.,1,10550,Directed
Moe-Chan,Boobs-chan,2,10584,Directed
intentional feeder,666,2,10620,Directed
Miley,jd,2,10654,Directed
Nick,Samwise,1,10659,Directed
Bob Ross,Miracle-,5,10682,Directed
Ronny,Justice,2,10765,Directed
Black Jesus,TINKLES,2,10779,Directed
Thrower,Z,1,10807,Directed
CHI LONG QUA,Zero,2,10816,Directed
King Kunta,The Angler,2,10820,Directed
kaztah,Bulls_Eye,1,10829,Directed
snoopRat,Panda,1,10843,Directed
Tobeh,?,1,10876,Directed
Q,dont look at me,2,10899,Directed
King Kunta,Tahurtz,1,10908,Directed
Krisyboi,XTripleJaxX,1,10918,Directed
Dindender,Mithrandir,2,10948,Directed
SOUJI LAGUH,jaco,1,10977,Directed
XD,Allahu Akbar,1,10984,Directed
JasCaLL,Varian Wrynn,1,11009,Directed
Mr. Meeseeks,aaron,1,11014,Directed
Allahu Akbar,iScream,1,11015,Directed
Mr_spoon,Pornochicken,1,11018,Directed
Master,BloodSeeker,1,11028,Directed
Alexander den Store,:),5,11030,Directed
see me now,Roronoa Zoro,2,11036,Directed
Pain,Tobeh,3,11052,Directed
Tallcat,Miska,1,11068,Directed
Obama Bin Laden,J.,1,11152,Directed
Hippie,Light,3,11179,Directed
666,"all muted, stealing mid, helo",3,11180,Directed
#ano.Ainsley Kek,James,1,11225,Directed
Je'W.Danny Dorito,Je'W. DangerousDan,3,11228,Directed
Floki,LOWPRIOR GOD,1,11238,Directed
King Kunta,The Angler,1,11248,Directed
Deodorant spray,Noob,1,11320,Directed
Lets get this underway,ALWAYSWANNAFEED,1,11339,Directed
...,Icarus-,1,11399,Directed
...,Matsuoka Rin,1,11399,Directed
Miska,Tallcat,1,11407,Directed
Kaolin~!,.,3,11435,Directed
Krisyboi,XTripleJaxX,1,11450,Directed
jd,Clouds,1,11451,Directed
jd,Miley,1,11451,Directed
Fragnat,:),4,11452,Directed
Fragnat,MingLee,4,11452,Directed
< blank >,Cookie,2,11480,Directed
< blank >,Naylor,2,11480,Directed
KOSOVA,S.T.Y.L.E.,1,11523,Directed
Matsuoka Rin,Icarus-,1,11530,Directed
CHI LONG QUA,confessor,1,11555,Directed
CDEC.garder.taobo,Danny,1,11556,Directed
My Team Rages At Me,Captain America,1,11560,Directed
I just want to be happy,Morty,1,11582,Directed
I just want to be happy,ONE PUNCH MAN,1,11582,Directed
SNAAAAKE,Carl,1,11589,Directed
Juca,¯\_(ツ)_/¯,1,11607,Directed
TINKLES,kld,1,11614,Directed
SD.merlin,???,1,11627,Directed
Bleezieeeeeeeeee,Zero,5,11640,Directed
Bleezieeeeeeeeee,soy papá,5,11640,Directed
Yung Lean,Ehh!! What's up doc?,2,11648,Directed
Miley,Clouds,14,11657,Directed
Miley,jd,14,11657,Directed
AirmailMRCOOL,J.,1,11677,Directed
Deez_Nuts,Rampage,8,11703,Directed
Bleezieeeeeeeeee,Zero,18,11705,Directed
Bleezieeeeeeeeee,confessor,18,11705,Directed
Bleezieeeeeeeeee,soy papá,18,11705,Directed
Ren,fake world,1,11724,Directed
Myth,Air,1,11747,Directed
Myth,gohanaragorn,1,11747,Directed
John Cena,The Boy,1,11749,Directed
John Cena,Tom Ganks,1,11749,Directed
...,14,1,11756,Directed
KappaPride,KappaRoss,2,11757,Directed
whatever,Assassin,1,11769,Directed
piss on your grave,-_-,1,11778,Directed
:(,ONE PUNCH MAN,1,11796,Directed
Miley,Clouds,4,11813,Directed
Big Smoke,Kirito,1,11849,Directed
IceFraud,Superman,1,11851,Directed
DKD,#TRNDSTTR,1,11858,Directed
Alpha,Kingslayer,1,11883,Directed
Alpha,VICIOUS999X,1,11883,Directed
kang gorengan,kang somay,1,11884,Directed
Allahu Akbar,JUMPMAN,2,11885,Directed
"<font face=""impact"">SALTEW",The Psychotic Snivy,1,11897,Directed
Boo,Rizwanovich,1,11955,Directed
Tick Tock,Ho랑이,2,11978,Directed
Miley,Clouds,3,11994,Directed
hG.IntrinsiC,^_^,2,12019,Directed
Kunz °,Nigga,2,12084,Directed
Assassin,QQ,2,12102,Directed
Assassin,whatever,2,12102,Directed
Eagle,Gollir@.,2,12106,Directed
Bart,Brerik,1,12137,Directed
Memories,Spooderman,1,12144,Directed
Internet Explorer,jaynanners,2,12150,Directed
Banyu,Fatality,2,12185,Directed
Madao,XD,1,12196,Directed
Eagle,FredJ,1,12216,Directed
Eagle,West Street Variety,1,12216,Directed
Clueless,Virus,6,12259,Directed
Standin.ragha,Defensif^,1,12293,Directed
Standin.ragha,Nethersp@wn,1,12293,Directed
Cookie,Miracle-,1,12333,Directed
Cookie,Đưa Nhau Đi Feed,1,12333,Directed
< blank >,LGD.Maybe,1,12339,Directed
Kappa,Ｍｏｏ:),9,12346,Directed
Brian,Pablo,1,12353,Directed
Je'W. DangerousDan,Je'W.Danny Dorito,1,12360,Directed
RANDOM OR RIOT,Happy,1,12381,Directed
Miracle,Hades,1,12422,Directed
Miracle,Light of Darkness,1,12422,Directed
Lel,< blank >,1,12436,Directed
Lel,Wolf,1,12436,Directed
aaron,Carl,1,12448,Directed
aaron,Kira,1,12448,Directed
Deez_Nuts,666,7,12456,Directed
Deez_Nuts,Anonymous,7,12456,Directed
#U,--,2,12463,Directed
SusieDoesn'tLoveYou,BestMidPlayer,2,12470,Directed
nob,Ace,1,12486,Directed
L.A. Beast,...,2,12490,Directed
Miracle,Ace,1,12501,Directed
Miracle,SheVeeN,1,12501,Directed
gohanaragorn,██████████�,1,12503,Directed
Valar Morghulis,paloralogram,2,12507,Directed
Dave,Smegma,2,12510,Directed
Saitama,GG,2,12535,Directed
zen,JoeBlender,1,12539,Directed
123,Hashirama,2,12541,Directed
n fe ny mmr,Noob,1,12570,Directed
n fe ny mmr,emge,1,12570,Directed
Morty,Matsuoka Rin,1,12576,Directed
Lets get this underway,Saitama,8,12578,Directed
SOMETIMES,PsyDuck,1,12581,Directed
Carl,Deodorant spray,1,12623,Directed
SY,enenlove ツ,1,12666,Directed
SY,¯\_(ツ)_/¯,1,12666,Directed
Lucifer,Predator,1,12676,Directed
Ahov,Red,2,12694,Directed
JMT,Nek-Ro-Sin,1,12706,Directed
Kunz °,Nigga,1,12725,Directed
I mute everyone,Bloop,1,12743,Directed
xd,dez,3,12775,Directed
Psycho,PANDA,3,12797,Directed
PUNX,Heisenberg,1,12817,Directed
Lucifer,Gary,1,12818,Directed
Doge,Pain,3,12846,Directed
QualtroHead,asd,1,12847,Directed
fensji,[A]dmiral Bullshit,1,12931,Directed
fensji,[W],1,12931,Directed
-xX-420-SAVAGE-KOALA-420-Xx-,SoFloAntonio,3,12978,Directed
SOMETIMES,PsyDuck,1,13027,Directed
SQWERTY,Jim Carry,1,13030,Directed
Blacque The Lil' Rooster,Olaf,5,13038,Directed
cocodino,Thanatael,2,13048,Directed
Loading...█|█|█|█|█|�,V,8,13068,Directed
Perfect Is Shit,K P A C U B O,1,13095,Directed
RFA,Hakuna Matata,1,13114,Directed
#T1CA,Saitama,1,13170,Directed
bwew,Sleeping_[D]og,1,13190,Directed
Noob,1234,1,13234,Directed
Noob,ебать,1,13234,Directed
....,Bloop,3,13244,Directed
....,I mute everyone,3,13244,Directed
....,QQ,3,13244,Directed
Gdo,Gilgamesh,2,13275,Directed
Justin Timbersaw,G,1,13316,Directed
Fred,Dracula,3,13371,Directed
Tg den Storslåede Troldkarl!,Valkyrie,1,13413,Directed
Adlet Mayer,Prince Porno,1,13467,Directed
Jaythejackass,Nexr,1,13469,Directed
Jaythejackass,Totti#Smauking dat Seaweed,1,13469,Directed
Λ,Kappa,2,13473,Directed
tq-,Deadly^_^,1,13481,Directed
:),la fée verte,3,13526,Directed
Tryhard,Plata O Plomo,1,13545,Directed
Morrow ᕕ,Roland,1,13563,Directed
Logic,big blac k clock,2,13586,Directed
GG,LGD.Maybe,1,13594,Directed
Road to Al-Qaeda,El Dude,1,13607,Directed
VonL,Madara,1,13637,Directed
plz nerf me,BASH LORD,6,13639,Directed
Bob Ross,HolyMoly -QsQ-,1,13679,Directed
MRX,Valkyrie,1,13710,Directed
xd,Dondo,1,13713,Directed
NiQz,Diegolh,3,13745,Directed
Carl,kk,1,13751,Directed
Lumos,Bob,2,13752,Directed
Fearless,TySAD,1,13762,Directed
Frank,< blank >,1,13851,Directed
Diabetuus,Mr_spoon,1,13861,Directed
Diabetuus,Pornochicken,1,13861,Directed
Dindender,MID OR FEED,1,13885,Directed
...,Hans Humpty,5,13940,Directed
...,I'am,5,13940,Directed
322,Thrower,1,13965,Directed
Rockstah,SimpLe,1,13975,Directed
Rockstah,Zeenix,1,13975,Directed
Mastersheep,[siQ] DRUNKEN-MASTER,1,13986,Directed
Mastersheep,chrizzl,1,13986,Directed
EXCLUSIVE,Hansi,1,14011,Directed
AAA,ghjklkvfcdfghj,1,14033,Directed
Dontores`,Kirito,3,14111,Directed
Howl Pendragon.,G. R. T.,1,14114,Directed
WWWWWWWWWWWWWWWWWWWWWWWWWWWWWWW,matassos,1,14123,Directed
██████████�,Make Your Dreams Come True,2,14144,Directed
John Cena,VaLoS,1,14171,Directed
...,Ratatouille,1,14175,Directed
Miracle,Webb,1,14186,Directed
Alexander den Store,Road to 5k,1,14190,Directed
kaztah,Bulls_Eye,1,14201,Directed
happychappy,Ragnar Lothbrok,1,14245,Directed
happychappy,xmas mike,1,14245,Directed
Redemption,Baldur,3,14263,Directed
CocoJambo,Captain Puppan,1,14264,Directed
Miracle-,DaBeginning,1,14273,Directed
ALLIANCE FANGAY DONT TALK TO ME,Jesus,1,14276,Directed
3K.Zvan.TheNight,...,1,14291,Directed
PANDA,Rick,1,14306,Directed
PANDA,mARLEY.sAMA ´,1,14306,Directed
QeMooder,bad,1,14317,Directed
Play it again Sam,Boss,2,14330,Directed
ХЭЙ КАППА КАППА Х,Kaya,2,14337,Directed
Uriziel,<3,2,14377,Directed
Ragnar,Up-iN*tHe.AiR,1,14387,Directed
123,BabyRage,1,14400,Directed
Goofy Hell,Lost_Faith,1,14412,Directed
Goofy Hell,[N]ooble,1,14412,Directed
Titane,wizn,3,14427,Directed
Benegripe,whatever,1,14449,Directed
Bleezieeeeeeeeee,DK,2,14480,Directed
^_^,"28 aint enough, you need more",2,14486,Directed
^_^,Keyboard Warrior,2,14486,Directed
Spatium.Geniusammyr,T A I P E I,1,14492,Directed
bazookababy,kgeekay,1,14510,Directed
Mlcrosoft,s4tarash,1,14527,Directed
Mlcrosoft,your4,1,14527,Directed
JakeisBibleThump,Superior Highlander Genes,1,14541,Directed
Sara :),Kaya,2,14560,Directed
Sara :),MrMkay,2,14560,Directed
Mikasa,Allison,1,14576,Directed
Alexander den Store,Road to 5k,1,14603,Directed
DSwissK,RS,1,14614,Directed
RebirthofLeGenD,bneutrality,2,14648,Directed
<>,Tensaiくず ! misery god,2,14657,Directed
Wintermute,Strong & Independent,1,14683,Directed
Nick,Clam_Chowder002,1,14699,Directed
Nick,Tahurtz,1,14699,Directed
KallePlanka,JM,1,14734,Directed
KallePlanka,Lutch,1,14734,Directed
Pornochicken,Diabetuus,1,14757,Directed
Buzenbazen,noob,2,14769,Directed
Lucky,Alison,2,14770,Directed
Bob Ross,Buster,2,14788,Directed
B-Rabbit,Fish Roe Man,1,14802,Directed
Flawless,Drak0n,1,14803,Directed
Rob Boss,Cotton.Karma,1,14812,Directed
Cloud,22,1,14813,Directed
Cloud,King Meme The Meme King,1,14813,Directed
Cloud,Pablo,1,14813,Directed
Perfect Is Shit,"Hi, Can I have mossarella stick",1,14818,Directed
Drake,twitch.tv/pesdota #Hope,2,14834,Directed
MyMeK,WHAT IS LOVE?,1,14860,Directed
Sun,HolloW,1,14886,Directed
B-Rabbit,bloodhound,1,14893,Directed
mylo,Döner,2,14930,Directed
Air,chicken2000,1,14959,Directed
Superior Highlander Genes,topsu,2,14978,Directed
Ragnar,Clam_Chowder002,1,14979,Directed
Ragnar,Tahurtz,1,14979,Directed
Terpcasl,< blank >,1,14983,Directed
Terpcasl,Number Juan Doto Player,1,14983,Directed
Lars-Olof,RollarN^,1,14993,Directed
Schlebben.XD,Spooderman,1,15001,Directed
Filiard,HalF.Mad,4,15016,Directed
Filiard,Rosse,4,15016,Directed
Mid Lane,Hodor,1,15027,Directed
william.boshi,No,1,15029,Directed
King,Happy,2,15047,Directed
King,Rabbit,2,15047,Directed
plz nerf me,BASH LORD,1,15080,Directed
Bob Ross,HolyMoly -QsQ-,1,15100,Directed
Bob Ross,^^,1,15100,Directed
??,< blank >,1,15113,Directed
Deez_Nuts,Loki,4,15215,Directed
Smile,sabacka,2,15219,Directed
Kabuki warrior,Sentinel,1,15243,Directed
Kabuki warrior,You Know I Mean It,1,15243,Directed
Karll,Blondy,1,15297,Directed
Noah,Ehh!! What's up doc?,1,15307,Directed
????,TrainTracksOverPiggyBacks,1,15320,Directed
Frazer,Rawrtajgur,1,15327,Directed
Miley,Clouds,6,15334,Directed
Miley,jd,6,15334,Directed
Make Your Dreams Come True,Myth,6,15346,Directed
Deadly^_^,Flash,1,15354,Directed
MïќE LtR,Nek-Ro-Sin,2,15381,Directed
uLLu,Ares,2,15388,Directed
Samwise,CauKi,1,15398,Directed
Samwise,doN,1,15398,Directed
Jana,S.T.Y.L.E.,1,15404,Directed
?????,Axosh,3,15424,Directed
<3,Pieters,1,15488,Directed
Mlcrosoft,s4tarash,1,15532,Directed
Mlcrosoft,your4,1,15532,Directed
22sjpog,TrainTracksOverPiggyBacks,1,15546,Directed
.,Cletus,1,15557,Directed
Nek-Ro-Sin,:),1,15597,Directed
WHAT IS LOVE?,MyMeK,1,15598,Directed
Grom,Jon,1,15632,Directed
BiG BaNaNna !,™,1,15647,Directed
123,never lucky BabyRage,5,15684,Directed
Michael,Bleezieeeeeeeeee,3,15719,Directed
Justin Timbersaw,Keck³,1,15729,Directed
You Know I Mean It,Kabuki warrior,1,15747,Directed
Blondy,Baldur,1,15772,Directed
Carnage,noob,1,15786,Directed
your4,s4tarash,1,15813,Directed
aaron,???????,2,15817,Directed
aaron,Bob Ross,2,15817,Directed
22sjpog,TrainTracksOverPiggyBacks,1,15825,Directed
Clockwerk Orange,sweg magician,1,15827,Directed
333,IceFraud,2,15871,Directed
Jon,Grom,1,15891,Directed
never lucky BabyRage,-25,3,15914,Directed
never lucky BabyRage,Nirvana,3,15914,Directed
never lucky BabyRage,tunes,3,15914,Directed
yob,Sir Jonny of Rustles,1,15924,Directed
Flóki,CHI LONG QUA,1,15975,Directed
Bob Ross,██████████�,2,15977,Directed
Glen,Funk You,1,15989,Directed
qwe,BABYRAGE,2,16018,Directed
qwe,Davy Jones,2,16018,Directed
qwe,random,2,16018,Directed
Moe-Chan,Boobs-chan,2,16026,Directed
JukeSkywalker,JukeGyllenhaal,1,16032,Directed
JukeSkywalker,Martin Luther King Juker,1,16032,Directed
Slam,HeyGuys,1,16044,Directed
Cherish Isla,Karll,1,16048,Directed
yob,Sir Jonny of Rustles,1,16053,Directed
Pablo Escobar,Hurfdurf,6,16076,Directed
King Kunta,Hodor,2,16134,Directed
WHAT IS LOVE?,MyMeK,1,16166,Directed
Ez,Allahu Akbar,2,16193,Directed
Spektrus,tunes,2,16227,Directed
....,~rabtug-molhut,2,16229,Directed
Sartre,intentional feeder,3,16234,Directed
?????????,DK,2,16268,Directed
< blank >,mizeRy-,1,16271,Directed
Miley,jd,12,16283,Directed
Dindender,Phenomenal,1,16290,Directed
FredJ,Michael,3,16307,Directed
Je'W. DangerousDan,Je'W.Danny Dorito,1,16320,Directed
Rorschach,Coco,1,16354,Directed
eRzR_,King,1,16358,Directed
PsyDuck,SOMETIMES,1,16377,Directed
Mr. Noel Wells,....,1,16400,Directed
Alviprofluvium,XXX,1,16415,Directed
X!!,Hello,1,16417,Directed
Jason,Karll,1,16436,Directed
[A],Naylor,1,16450,Directed
-25,.,5,16462,Directed
-25,intentional feeder,5,16462,Directed
Faronel,Ayy Lmaoo™,1,16479,Directed
N A,Blondy,1,16512,Directed
N A,Chrom,1,16512,Directed
Jc,Matthew,1,16536,Directed
Martin Luther King Juker,Hades,1,16545,Directed
Cherish Isla,༼ つ ◕_◕ ༽つ,1,16546,Directed
gypsyfy,Tom Ganks,1,16579,Directed
Maverick,Never Lucky,2,16583,Directed
Kronos,77777,11,16593,Directed
Tick Tock,September,2,16600,Directed
Tick Tock,tunymai,2,16600,Directed
Miley,Clouds,6,16609,Directed
<blank>,WHAT?!,2,16610,Directed
400 Lux,Barack Obama,1,16624,Directed
Rage,zen,1,16640,Directed
Martin Luther King Juker,General Stonewall Jukeson,1,16713,Directed
Martin Luther King Juker,JukeGyllenhaal,1,16713,Directed
Sartre,.,1,16716,Directed
Bob Ross,Mild Bobby Sauce,1,16740,Directed
Bob Ross,asdf,1,16740,Directed
Makaveli-,123,2,16743,Directed
Makaveli-,Error,2,16743,Directed
Makaveli-,Moist,2,16743,Directed
Makaveli-,Van Dyke Brown,2,16743,Directed
N,Eagle,1,16774,Directed
Horse,Big Boss,2,16789,Directed
Hurfdurf,noob,1,16818,Directed
G. R. T.,P5 - Minimax,1,16839,Directed
< blank >,Porky's Butthole,1,16845,Directed
S.T.Y.L.E.,TBD,1,16849,Directed
?,Storoh,1,16863,Directed
._.,Tristan,1,16864,Directed
Ooze | hitbox.tv/oozex,September,1,16871,Directed
Ooze | hitbox.tv/oozex,SiR,1,16871,Directed
i play on 480apm,.^Vintager,6,16901,Directed
i play on 480apm,Rizzrack,6,16901,Directed
i play on 480apm,lord.ary,6,16901,Directed
lkgjhdsijofhgdiug,322,2,16912,Directed
Banana,Nek-Ro-Sin,1,16925,Directed
Hi,Rorschach,1,16957,Directed
Carl,Jesus Christ,1,16960,Directed
Memories,Spooderman,4,16967,Directed
Road to Al-Qaeda,El Dude,1,16969,Directed
Lặng Lẽ Tổn Thương,Sleeping_[D]og,1,16974,Directed
Lặng Lẽ Tổn Thương,bwew,1,16974,Directed
Eagle,Monster,4,16978,Directed
322,Shiroe,1,17004,Directed
322,rust,1,17004,Directed
322,turn right,1,17004,Directed
DK,Jerry,3,17011,Directed
DK,Michael,3,17011,Directed
Hey b0ss,chicken2000,2,17012,Directed
Chocolove,777,1,17018,Directed
Chocolove,intentional feeder,1,17018,Directed
Big Dick Bandit,Rage,1,17051,Directed
IndianKai,Flow,3,17052,Directed
[THG]Executer26th,Raging Weriery,1,17055,Directed
grillz,soy papá,1,17060,Directed
intentional feeder,Chocolove,1,17096,Directed
Monkey D. Luffy,Horse,2,17117,Directed
???,L.A. Beast,1,17136,Directed
soy papá,psitle,3,17145,Directed
:(,I just want to be happy,2,17164,Directed
:(,September,2,17164,Directed
Maracle,#T1CA,1,17191,Directed
Maracle,qwerty,1,17191,Directed
SoFloAntonio,-xX-420-SAVAGE-KOALA-420-Xx-,1,17216,Directed
SoFloAntonio,SNAAAAKE,1,17216,Directed
SoFloAntonio,chopstixZ,1,17216,Directed
kgeekay,bazookababy,2,17219,Directed
Dream,Potato,2,17224,Directed
Lumos,DK,1,17225,Directed
KLiO,emge,2,17228,Directed
KLiO,ok,2,17228,Directed
fake world,Ephemeral,1,17256,Directed
111,MS,1,17269,Directed
111,You can't run from heaven!! Bro,1,17269,Directed
eastwood,Commander no Commanding,2,17294,Directed
Meliodas,nicenicenice,1,17318,Directed
jaynanners,YOLO,2,17323,Directed
Kung Führer,Сын Собаки,2,17339,Directed
TheGentleman,.^Vintager,2,17373,Directed
TheGentleman,G,2,17373,Directed
TheGentleman,Rizzrack,2,17373,Directed
TheGentleman,lord.ary,2,17373,Directed
11,DK,3,17374,Directed
Frost,brobear,1,17376,Directed
????????,Fuzz,1,17424,Directed
lkgjhdsijofhgdiug,Spartacus,4,17438,Directed
...,Blue,2,17454,Directed
...,i play on 480apm,2,17454,Directed
Death,The Boy,1,17455,Directed
.^Vintager,Rizzrack,1,17456,Directed
.^Vintager,TheGentleman,1,17456,Directed
.^Vintager,lord.ary,1,17456,Directed
BiG BaNaNna !,Q,1,17485,Directed
Galbatoriks,TheLast,2,17497,Directed
Cloud,Ｍｏｏ:),1,17498,Directed
ShinJuroYue,One Punch Man,1,17522,Directed
Joker,snoopRat,1,17538,Directed
KutTaoLang,居家男人,2,17543,Directed
BASH LORD,13,1,17567,Directed
BASH LORD,plz nerf me,1,17567,Directed
DumpsteR CleaneR,The Wanderer,3,17571,Directed
RED,YBP,1,17620,Directed
Valkyrie,Jack,3,17643,Directed
Valkyrie,^_^,3,17643,Directed
Cutie Kitty Sylveon x,Big Boss,1,17652,Directed
Alone,MyMeK,1,17673,Directed
Alone,S,1,17673,Directed
Alone,qwe,1,17673,Directed
322,happy little clouds,4,17705,Directed
Road to Al-Qaeda,El Dude,1,17741,Directed
Kenny,Flóki,3,17748,Directed
Dave,Monkey D. Luffy,1,17754,Directed
He|ìx`,Hans Moleman,27,17788,Directed
Kung Führer,Ace,1,17808,Directed
Kung Führer,MinMorts,1,17808,Directed
SJARGAN,Splinter,1,17817,Directed
1354,LOVE-is-EZ but I hate you,2,17820,Directed
1354,dream is ded,2,17820,Directed
Goku,Nguyễn Kim Nhật Huy [MUTED],2,17849,Directed
`Blurry Eyes,Ya,1,17917,Directed
Cau's Be's Hay's Sua's,Cheese,2,17930,Directed
Cau's Be's Hay's Sua's,Doge,2,17930,Directed
Inigo,Pingouin,1,17948,Directed
bourgeoisie,Saltz,1,17959,Directed
noob :3,zxc,1,18011,Directed
Alex,Nero,3,18055,Directed
Alex,it looked bigger on snapchat,3,18055,Directed
-_-,ALWAYSWANNAFEED,1,18087,Directed
-_-,Juca,1,18087,Directed
Road to 5k,Alexander den Store,1,18092,Directed
Road to 5k,Carl,1,18092,Directed
Hades,< blank >,1,18111,Directed
rKaiser,..,1,18121,Directed
Shadow,allow the hype,4,18135,Directed
Jesus,nitoma,1,18138,Directed
Hiruma,kk,1,18149,Directed
SQWERTY,kk,1,18231,Directed
322,Gnome child,1,18242,Directed
322,"Harvey ""Harvey"" Harvey",1,18242,Directed
Archaeus,Oli the Optimist,1,18245,Directed
LOVE-is-EZ but I hate you,1354,1,18246,Directed
Roland,Morrow ᕕ,2,18256,Directed
Roland,Vince,2,18256,Directed
Insidious_Mouse,Axios,1,18264,Directed
Link,TheLast,1,18310,Directed
He|ìx`,Hans Moleman,1,18329,Directed
Malediction,K P A C U B O,1,18333,Directed
David,Frozen,3,18334,Directed
Jason,Batman,1,18348,Directed
Jason,Joker,1,18348,Directed
Logic,.Bench,2,18355,Directed
Logic,Saltz,2,18355,Directed
Logic,XD,2,18355,Directed
[A]dmiral Bullshit,[W],2,18389,Directed
[A]dmiral Bullshit,fensji,2,18389,Directed
Splinter,SJARGAN,3,18391,Directed
Bob Ross,central.e-JAM,1,18397,Directed
YBP,>_<,5,18432,Directed
YBP,????????,5,18432,Directed
Hippie,Tom,1,18460,Directed
Milk ( حليب ),(,3,18470,Directed
Joker,Ｍｏｏ:),1,18505,Directed
Hans Moleman,iPeon_GM,1,18519,Directed
Mlcrosoft,s4tarash,6,18562,Directed
Pizza,[SUR] Suryoyo,1,18582,Directed
Deadpool,MingLee,6,18677,Directed
Deadpool,RFA,6,18677,Directed
Deadpool,dotato,6,18677,Directed
emge,Rorschach,1,18715,Directed
G4G.FEWL,...,1,18756,Directed
Madara,Samwise,1,18763,Directed
Madara,doN,1,18763,Directed
Dracula,Max,1,18778,Directed
Morgan Freefarm,Lurgo,1,18780,Directed
Pac,Phantom,1,18781,Directed
Great Deku Tree,Dante,1,18797,Directed
Miley,jd,1,18800,Directed
Broods,"Jk, the Resilience ₪",4,18816,Directed
Clockwerk Orange,sweg magician,1,18836,Directed
iPeon_GM,Hans Moleman,1,18915,Directed
David K,Eagle,1,18919,Directed
Gygex,xd,1,18941,Directed
Skiper,.Bench,3,18963,Directed
Skiper,"Jk, the Resilience ₪",3,18963,Directed
Gdo,Error,1,18977,Directed
Gdo,Moist,1,18977,Directed
Gdo,Van Dyke Brown,1,18977,Directed
Cau's Be's Hay's Sua's,Kirito,1,19085,Directed
B-Rabbit,Ehh!! What's up doc?,2,19113,Directed
B-Rabbit,Fish Roe Man,2,19113,Directed
Skiper,Pavi,2,19117,Directed
SLAM,Zokhem,1,19128,Directed
G_G,Shadow,3,19160,Directed
Joker,Morgan Freefarm,1,19164,Directed
Joker,PENOPT.вa†ѕυ ¦>,1,19164,Directed
Hello,3K.Zvan.TheNight,1,19166,Directed
Saltz,bourgeoisie,1,19177,Directed
000,David,1,19191,Directed
000,william.boshi,1,19191,Directed
Styx,Superior Highlander Genes,1,19229,Directed
werling44,new beginnings,2,19245,Directed
Joker,fsnake,1,19251,Directed
dez,King,1,19259,Directed
Clueless,Equalizer,3,19264,Directed
Chewie,Huh?,1,19266,Directed
.,11,1,19295,Directed
.,DIabOluS,1,19295,Directed
.,Hero,1,19295,Directed
U OK NERD?,Bunny of Doom,1,19366,Directed
strawberry bonbons,happychappy,1,19367,Directed
?????????,?????,1,19374,Directed
5to7,B-Rabbit,1,19432,Directed
Howl Pendragon.,G. R. T.,2,19434,Directed
dream is ded,1354,2,19437,Directed
dream is ded,LOVE-is-EZ but I hate you,2,19437,Directed
The Psychotic Snivy,"<font face=""impact"">SALTEW",1,19446,Directed
Greed,HorseFeeder,1,19456,Directed
JeSuisParis,Flash,2,19457,Directed
Killer,R.I.E.Eheroduelist,1,19488,Directed
Killer,Skye,1,19488,Directed
Gates,< blank >,1,19504,Directed
Gates,Boss,1,19504,Directed
gohanaragorn,qq,1,19517,Directed
Baxter,Daddy,1,19536,Directed
Milo,Never Lucky,1,19557,Directed
Providence,Daddy,3,19569,Directed
Pain,Shadow,9,19644,Directed
Mlcrosoft,s4tarash,1,19660,Directed
"Hi, Can I have mossarella stick",Splinter,1,19687,Directed
"Hi, Can I have mossarella stick",lol,1,19687,Directed
El lechero,PaLiTRoQuE,1,19688,Directed
Johny,itaQ,1,19695,Directed
Ragnar,Tzu,2,19703,Directed
Ragnar,random,2,19703,Directed
DaBeginning,John Cena,1,19704,Directed
DaBeginning,Jon,1,19704,Directed
Rick,KappaPride,1,19712,Directed
Carnage,noob,1,19720,Directed
Renegade,Achilles,1,19738,Directed
PEBCAK,Rick Sanchez,3,19758,Directed
qweqwe,Potato,1,19767,Directed
qweqwe,tunes,1,19767,Directed
Justice,noob,3,19768,Directed
.,Hi,1,19803,Directed
.,King,1,19803,Directed
Valentino,Nek-Ro-Sin,3,19890,Directed
Nx3,Butthole,3,19913,Directed
Nx3,Shaun,3,19913,Directed
Obama Bin Laden,456,3,19915,Directed
RBLR.dany fuckin heatley,RBLR.Marcutio,1,19923,Directed
RBLR.dany fuckin heatley,Rick Sanchez,1,19923,Directed
BasicMyth,Gupstin,1,19927,Directed
Miley,jd,1,19928,Directed
Tallcat,Miska,4,19934,Directed
RIP BOB - I BELIEVE!,Van Dyke Brown,1,19943,Directed
Bacon,Dall,1,19962,Directed
Carl,Ragnar,1,19982,Directed
Sean,Goose,1,19997,Directed
Sean,LoL,1,19997,Directed
Fire,<><,2,20003,Directed
Barack Obama,yoonie,6,20042,Directed
:),Casto,1,20069,Directed
SusieDoesn'tLoveYou,Carl,1,20101,Directed
SusieDoesn'tLoveYou,Destiny,1,20101,Directed
ALLIANCE FANGAY DONT TALK TO ME,Alex,1,20108,Directed
Yukino Yukinoshita,Leo,3,20117,Directed
Anonymous,Horse,2,20118,Directed
Myst,Commander no Commanding,1,20130,Directed
DragRiver2,James,1,20139,Directed
Angel,YOLO,1,20151,Directed
:),Casto,1,20152,Directed
Juca,< blank >,1,20167,Directed
Juca,Saitama,1,20167,Directed
HalF.Mad,Filiard,1,20190,Directed
Bob Ross,Whatever,1,20192,Directed
DKD,#TRNDSTTR,1,20194,Directed
TBD,Raiin,6,20205,Directed
Darknesses,asdf,1,20211,Directed
Death,????,1,20246,Directed
Whatever,Bunny of Doom,1,20254,Directed
Whatever,U OK NERD?,1,20254,Directed
Locklear,ツ,1,20256,Directed
"REISE, REISE",G,3,20257,Directed
Marymar♥,Baldur,1,20261,Directed
TheLast,CRUMBLING,3,20274,Directed
Clouds,Miley,1,20318,Directed
Clouds,jd,1,20318,Directed
Ayy Lmaoo™,Faronel,1,20335,Directed
Ayy Lmaoo™,Kevin,1,20335,Directed
Taylor Swift,nom,3,20348,Directed
#TRNDSTTR,DKD,1,20355,Directed
Fahrenhater,Storoh,1,20358,Directed
mURSAful,Saitama,1,20359,Directed
SP,angular_JS,2,20389,Directed
RBLR.Marcutio,RBLR.dany fuckin heatley,3,20397,Directed
RBLR.Marcutio,Tom,3,20397,Directed
Atlas,Vanity,2,20404,Directed
The Dude,Pablo Escobar,1,20420,Directed
Hurfdurf,Pikachu,2,20427,Directed
™,MID OR FEED,1,20433,Directed
™,WHAT?!,1,20433,Directed
ЯIP,doodla,1,20435,Directed
..,Atlas,2,20439,Directed
..,Ren,2,20439,Directed
Sir Jonny of Rustles,yob,1,20449,Directed
Slayer,JeSuisParis,1,20465,Directed
MeerCat,QualtroHead,1,20476,Directed
I just want to be happy,Flux,2,20508,Directed
I just want to be happy,Rizwanovich,2,20508,Directed
I just want to be happy,Sir Pudgealot,2,20508,Directed
I just want to be happy,Tick Tock,2,20508,Directed
Messiah,X,2,20510,Directed
TheBenGerman,Snoopy,2,20534,Directed
TheBenGerman,grillz,2,20534,Directed
Maybe,@hiro,1,20540,Directed
Maybe,Mizu,1,20540,Directed
xx,trashcan,1,20544,Directed
@KossDota,hectoriwi,1,20573,Directed
turn right,322,1,20590,Directed
turn right,Shiroe,1,20590,Directed
turn right,rust,1,20590,Directed
Obstacle,intentional feeder,3,20592,Directed
Atlas,qwerty,1,20600,Directed
?????,Jc,2,20602,Directed
CHI LONG QUA,??????,1,20627,Directed
zxc,Gnome child,3,20649,Directed
zxc,Keyboard Warrior,3,20649,Directed
Icarus-,Ooze | hitbox.tv/oozex,1,20651,Directed
Chippy,Deemi,1,20679,Directed
Chippy,Milk,1,20679,Directed
$420,Nightmare,2,20691,Directed
Memories,A Wild Smurf,3,20695,Directed
Memories,Spooderman,3,20695,Directed
Atlas,Gates,1,20707,Directed
...,Jiten,1,20717,Directed
322,QQQ,1,20719,Directed
322,Shiroe,1,20719,Directed
322,rust,1,20719,Directed
322,turn right,1,20719,Directed
NotLikeThis,Benegripe,1,20727,Directed
NotLikeThis,intentional feeder,1,20727,Directed
XO,Knibbelz,3,20764,Directed
Andy,Prince of Excrement,2,20765,Directed
L.A. Beast,Vanity,1,20794,Directed
Alpha,StoopidVarrior,1,20796,Directed
Silent,D,2,20802,Directed
"gibe da Weekend, b0ss",Snoopy,2,20809,Directed
bazookababy,kgeekay,1,20822,Directed
ez,...,2,20839,Directed
Deez_Nuts,:D,3,20865,Directed
Happy Little Tree,Jesse Pinkman,1,20882,Directed
Happy Little Tree,xd,1,20882,Directed
Chocolove,Obstacle,3,20886,Directed
Chocolove,intentional feeder,3,20886,Directed
>_<,tehdilgerer,3,20904,Directed
KLiO,emge,2,20918,Directed
< blank >,Brownballa55,1,20923,Directed
MeerCat,+25,1,20925,Directed
Raging Weriery,[THG]Executer26th,1,20948,Directed
modjas,Xcalibur,3,20966,Directed
You can't run from heaven!! Bro,Stark,1,20979,Directed
beaverknight,lungs,1,20998,Directed
Mithrandir,Tzu,1,21060,Directed
HULK,< blank >,12,21062,Directed
HULK,TinkerBell,12,21062,Directed
Light of Darkness,zzz,1,21068,Directed
DumpsteR CleaneR,Alucard,1,21071,Directed
WTF,eRzR_,3,21109,Directed
--,.,1,21110,Directed
Alucard,DumpsteR CleaneR,1,21122,Directed
I mute everyone,XD,1,21132,Directed
..,SoFloAntonio,2,21136,Directed
Wintermute,:),1,21149,Directed
Lets get this underway,Silver,2,21167,Directed
Lets get this underway,^_^,2,21167,Directed
zero,B,1,21186,Directed
Ahov,OnePunchMan,5,21241,Directed
kang somay,kang gorengan,1,21252,Directed
1017,WWWWWWWWWWWWWWWWWWWWWWWWWWWWWWW,2,21268,Directed
Virus,The Adversary,5,21275,Directed
'Ywp,Kitty,3,21289,Directed
Ahov,atreides,1,21411,Directed
Ephemeral,^_^,1,21430,Directed
Urist,WWWWWWWWWWWWWWWWWWWWWWWWWWWWWWW,1,21450,Directed
Doge,misseypeazy,1,21460,Directed
居家男人,KutTaoLang,2,21485,Directed
Phantom,El Dude,4,21512,Directed
Phantom,Road to Al-Qaeda,4,21512,Directed
Gary,Light,3,21542,Directed
<>,Daddy,1,21551,Directed
WHAT?!,< blank >,1,21566,Directed
Madara,NRL,2,21567,Directed
Saltz,bourgeoisie,3,21579,Directed
Totti#Smauking dat Seaweed,Nexr,1,21617,Directed
Goofy Hell,.inf,1,21655,Directed
Goofy Hell,KMZWAY87AA,1,21655,Directed
Goofy Hell,Lost_Faith,1,21655,Directed
Wolf,SharkieGrom,1,21664,Directed
WaaDaaFaak!?,popo,2,21674,Directed
No Mercy,Webb,1,21691,Directed
Pingu ( ' v ' ),Smitty Werben ¯\_(ツ)_/¯,2,21695,Directed
Eagle,Mizu,1,21702,Directed
Charlie,"Hi, Can I have mossarella stick",1,21726,Directed
Charlie,Recovery,1,21726,Directed
bourgeoisie,Jake,2,21791,Directed
bourgeoisie,Saltz,2,21791,Directed
King Wizard,JOHN HITLER,1,21807,Directed
Ya,`Blurry Eyes,1,21814,Directed
Rob,chrizzl,1,21837,Directed
Monster,Maestro,1,21844,Directed
Monster,Urgel,1,21844,Directed
Alexander den Store,Road to 5k,2,21852,Directed
Lefty,♥ SugarGliderLove ♥,1,21868,Directed
Hippie,Red,5,21895,Directed
...,Pavi,1,21931,Directed
Quasar,Meow,1,21944,Directed
Saitama,~-PPY-~,1,21960,Directed
Road to Al-Qaeda,El Dude,1,21963,Directed
DumpsteR CleaneR,WTF,4,21998,Directed
Panda,SheVeeN,2,22086,Directed
Panda,[A],2,22086,Directed
RFA,dotato,1,22092,Directed
nitoma,Hodor,1,22107,Directed
Perfect Is Shit,Tahurtz,1,22125,Directed
-.-,Chewie,1,22129,Directed
Coco,Icarus,2,22168,Directed
Coco,Nova,2,22168,Directed
.Bench,:),3,22185,Directed
.Bench,Pineapplefruitdude,3,22185,Directed
Ѵirtualghost,Dragnipur,1,22214,Directed
Ѵirtualghost,TzenTzen,1,22214,Directed
Zeeks,< blank >,1,22224,Directed
Leon,Mr. Noel Wells,1,22245,Directed
Leon,Visigoth,1,22245,Directed
Johny,itaQ,1,22246,Directed
jd,Clouds,1,22247,Directed
jd,Miley,1,22247,Directed
MoonMoon,Pizza,4,22256,Directed
MoonMoon,[SUR] Suryoyo,4,22256,Directed
woshnosh SWNL,Rob Boss,1,22298,Directed
DeadShot,minK,5,22311,Directed
-25,JAFAR,2,22325,Directed
sabacka,Gustaff,1,22326,Directed
Gnorts mr. Alien,..,2,22359,Directed
.,WWWWWWWWWWWWWWWWWWWWWWWWWWWWWWW,1,22397,Directed
Hugs from Jewland,Warrior,1,22421,Directed
Dr.Sexy,Myrmidon,1,22429,Directed
bneutrality,NotLikeThis,3,22464,Directed
KLiO,emge,2,22472,Directed
Lucifer,Floki,1,22486,Directed
N A,Silver,4,22497,Directed
Hans Moleman,Zero,2,22529,Directed
Hans Moleman,iPeon_GM,2,22529,Directed
ATC,I mute everyone,1,22540,Directed
.Bench,Smaug,1,22580,Directed
Jonte The Moose,Cringer,2,22591,Directed
Jonte The Moose,FREDRIK,2,22591,Directed
XTN,Melon Juny[A]r,1,22602,Directed
MyMeK,123,1,22631,Directed
MyMeK,Taylor Swift,1,22631,Directed
Social Club,Bruno,3,22654,Directed
bourgeoisie,Saltz,1,22659,Directed
^_^,Monkster,2,22663,Directed
art,Frazer,3,22781,Directed
art,Rawrtajgur,3,22781,Directed
YOLO,TheFriendlySquid™,1,22801,Directed
RainGod,Blue,2,22805,Directed
RainGod,X!!,2,22805,Directed
RainGod,camd11,2,22805,Directed
322,jingspir[A]l,1,22841,Directed
The Only God,Solo,6,22853,Directed
Mlcrosoft,s4tarash,2,22858,Directed
Mlcrosoft,your4,2,22858,Directed
Miley,jd,6,22880,Directed
feeder,Zzz,1,22900,Directed
bourgeoisie,Saltz,1,22922,Directed
MyMeK,^^,1,22924,Directed
^_^,Nando,1,22941,Directed
^_^,Styx,1,22941,Directed
Danny,DumpsteR CleaneR,1,22943,Directed
Aeon,happychappy,1,22945,Directed
Aeon,strawberry bonbons,1,22945,Directed
Aeon,xmas mike,1,22945,Directed
=),Moongazer,1,22961,Directed
chicken2000,I mute everyone,2,23032,Directed
Dante,VaLoS,1,23063,Directed
Dracula,HeyGuys,1,23077,Directed
Dracula,O.o,1,23077,Directed
Alucard,King,1,23091,Directed
000,to6eto,1,23121,Directed
Frank,Moongazer,2,23135,Directed
Karl,Mirakuru#Pray4Paris,2,23174,Directed
Gary,Varian Wrynn,2,23191,Directed
Dave,Doge,2,23212,Directed
Dave,Nek-Ro-Sin,2,23212,Directed
DKD,Charlie,1,23215,Directed
uLLu,000,1,23230,Directed
d7,AtField.Barba,1,23245,Directed
NEORIGG Xd,Jesus,1,23266,Directed
NEORIGG Xd,SouL,1,23266,Directed
DragRiver2,James,6,23267,Directed
DragRiver2,XD,6,23267,Directed
???,.Atheris,1,23293,Directed
Luke,SAMKOOOOOOOOO,5,23311,Directed
Good Vibrations,Gibby,2,23319,Directed
Good Vibrations,Kira,2,23319,Directed
< blank >,Skye,2,23327,Directed
Frank,zero,3,23336,Directed
Maestro,bad,1,23404,Directed
sweg magician,Clockwerk Orange,1,23415,Directed
Tzu,Smoke,2,23469,Directed
Mlcrosoft,s4tarash,1,23480,Directed
Mlcrosoft,your4,1,23480,Directed
Loki57,Kevin,1,23504,Directed
Coco,Psycho,10,23508,Directed
Clockwerk Orange,sweg magician,1,23560,Directed
Döner,baKKhus,1,23637,Directed
Döner,mylo,1,23637,Directed
It's not your fault,Jektech*,1,23638,Directed
intentional feeder,DD,2,23649,Directed
P5 - Minimax,G. R. T.,2,23654,Directed
jd,Clouds,1,23678,Directed
jd,Miley,1,23678,Directed
LOVE-is-EZ but I hate you,Max,1,23703,Directed
22sjpog,TrainTracksOverPiggyBacks,2,23731,Directed
Fahrenhater,Skeleton Coast,1,23750,Directed
Dall,Bacon,1,23792,Directed
Aquafina,Axosh,1,23795,Directed
Aquafina,SupaDupaMan,1,23795,Directed
Chris,Tom,1,23796,Directed
SouL,tsilokki,1,23805,Directed
Cau's Be's Hay's Sua's,...,1,23820,Directed
Happy,Tzu,1,23823,Directed
Papa John,Darkwing Duck,1,23824,Directed
Papa John,Prinny,1,23824,Directed
Providence,No,2,23827,Directed
Providence,Xin,2,23827,Directed
doN,Samwise,1,23895,Directed
doN,Santa,1,23895,Directed
Bloogles,deuterium,1,23901,Directed
322,GeGe,1,23943,Directed
JukeSkywalker,Martin Luther King Juker,2,23971,Directed
Nick,BestMidPlayer,5,23988,Directed
Tempest,CC&C,2,23989,Directed
Tempest,Eagle,2,23989,Directed
Miley,O.o,7,23994,Directed
Miley,jd,7,23994,Directed
Batman,GG,1,24013,Directed
RBLR.dany fuckin heatley,RBLR.Marcutio,1,24051,Directed
RBLR.dany fuckin heatley,Rick Sanchez,1,24051,Directed
Morgan Freefarm,Cheese,1,24054,Directed
Morgan Freefarm,Snapple Waffle,1,24054,Directed
Wintermute,Tom Ganks,1,24077,Directed
Kvothe Sixstring,Yukino Yukinoshita,3,24091,Directed
Goose,JC,1,24113,Directed
Goose,ЯIP,1,24113,Directed
JukeSkywalker,James,1,24120,Directed
Faith,paloralogram,1,24131,Directed
Axosh,JC,1,24133,Directed
Axosh,aaron,1,24133,Directed
A N D R E W  S A L A D,Sasha,1,24139,Directed
Recovery,Shanks,1,24153,Directed
Flash,Fury,2,24158,Directed
Flash,SAITAMA,2,24158,Directed
Flash,bloodhound,2,24158,Directed
Meow,X,1,24179,Directed
joker'sbestfriend,Alpha,1,24225,Directed
Rizwanovich,Icarus-,1,24227,Directed
Ares,Caturday Yet?,2,24228,Directed
StoopidVarrior,R,1,24239,Directed
Skye,JJ,1,24251,Directed
Ruby,Car Radio,1,24253,Directed
Sophiel,CHI LONG QUA,2,24258,Directed
Clueless,SouL,3,24262,Directed
Clueless,ツ,3,24262,Directed
Pepe Investor,322,1,24273,Directed
Kevin,Ayy Lmaoo™,1,24319,Directed
Kevin,Faronel,1,24319,Directed
>space created,SouL,2,24337,Directed
Unknown,-_-,6,24409,Directed
Rigby,Vladimir Putin,1,24414,Directed
Rigby,i play on 480apm,1,24414,Directed
OnePunchMan,Nek-Ro-Sin,1,24446,Directed
Carl,Achilles,1,24451,Directed
Carl,Snipe Desu~,1,24451,Directed
JJ,Skye,9,24455,Directed
[THG]Executer26th,XIII,1,24479,Directed
